{"cameraMode":{"drawMode":0,"name":"Shaded","section":"Shading Mode"},"sceneLighting":false,"audioPlay":false,"sceneViewState":{"showFog":false,"showMaterialUpdate":false,"showSkybox":false,"showFlares":false,"showImageEffects":false,"showParticleSystems":false},"in2DMode":false,"pivot":{"x":-0.024958927184343339,"y":2.028201103210449,"z":7.7357892990112309},"rotation":{"x":-0.12281540036201477,"y":-0.7481859922409058,"z":0.1445193886756897,"w":-0.6358269453048706},"size":0.1732049584388733,"orthographic":false}