{"cameraMode":{"drawMode":0,"name":"Shaded","section":"Shading Mode"},"sceneLighting":false,"audioPlay":false,"sceneViewState":{"showFog":true,"showMaterialUpdate":true,"showSkybox":false,"showFlares":true,"showImageEffects":true,"showParticleSystems":true},"in2DMode":false,"pivot":{"x":-14.395017623901368,"y":1.0455154180526734,"z":-7.285845756530762},"rotation":{"x":-0.004730295389890671,"y":0.8844857811927795,"z":-0.009034549817442894,"w":-0.46655285358428957},"size":10.0,"orthographic":false}