{"cameraMode":{"drawMode":0,"name":"Shaded","section":"Shading Mode"},"sceneLighting":false,"audioPlay":false,"sceneViewState":{"showFog":true,"showMaterialUpdate":true,"showSkybox":false,"showFlares":true,"showImageEffects":true,"showParticleSystems":true},"in2DMode":false,"pivot":{"x":-13.836535453796387,"y":-3.6818974018096926,"z":-3.938173294067383},"rotation":{"x":-0.09325753897428513,"y":0.8235864639282227,"z":-0.14199084043502809,"w":-0.5412366390228272},"size":10.0,"orthographic":false}